marca_A;modelo_A;segmento_A;carroceria_A;combustible_A;transmision_A;puertas_A;potencia_cv_A;cilindrada_cc_A;consumo_l100_A;anio_compra_A;kilometraje_al_cambio_A;condicion_compra_A;financiacion_A;satisfaccion_general_A;satisfaccion_consumo_A;satisfaccion_confort_A;satisfaccion_seguridad_A;marca_N;modelo_N;segmento_N;carroceria_N;combustible_N;transmision_N;puertas_N;potencia_cv_N;cilindrada_cc_N;consumo_l100_N;precio_compra_N;condicion_compra_N;financiacion_N;fecha_compra_N;satisfaccion_general_N;satisfaccion_consumo_N;satisfaccion_confort_N;satisfaccion_seguridad_N;respondent_id
MarcaC;ModeloE;D;Sedan;Nafta;Manual;5;134;1995;7.25;2009;60420;Usado;Contado;5;2;2;5;MarcaF;ModeloI;C;SUV;Nafta;Manual;4;63;1648;9.26;53180;0KM;Plan;2018-06;6;3;4;3;R1095
MarcaF;ModeloC;Utilitario;SUV;Diesel;Automática;4;89;1692;8.86;2005;29047;Usado;Préstamo;5;1;2;3;MarcaA;ModeloH;Utilitario;Hatch;Diesel;Automática;5;91;2016;8.6;37294;0KM;Contado;2021-10;3;6;5;5;R1015
MarcaC;ModeloH;SUV-B;Sedan;Nafta;Manual;5;131;1720;8.74;2008;15772;Usado;Contado;5;3;3;4;MarcaB;ModeloP;A;SUV;Nafta;Automática;5;57;1413;6.93;27517;0KM;Contado;2018-09;5;6;5;6;R1030
MarcaC;ModeloN;B;Hatch;Diesel;Automática;4;88;1289;8.13;2017;68537;Usado;Contado;3;3;1;4;MarcaD;ModeloA;B;Hatch;Diesel;CVT;5;62;1511;6.9;42811;Usado;Plan;2023-01;4;4;6;6;R1158
MarcaB;ModeloN;C;Pick-up;Nafta;Automática;5;119;1364;9.04;2004;45475;Usado;Préstamo;4;3;3;4;MarcaG;ModeloK;Utilitario;SUV;Nafta;Automática;5;90;1410;13.81;55413;Usado;Contado;2024-10;4;6;2;3;R1128
MarcaC;ModeloF;B;Pick-up;Nafta;Automática;4;98;1204;9.66;2009;78497;Usado;Contado;3;4;2;5;MarcaE;ModeloI;D;Hatch;Nafta;Automática;5;166;2634;9.16;89326;0KM;Préstamo;2024-10;3;4;4;6;R1115
MarcaD;ModeloA;B;SUV;Nafta;Manual;4;87;1606;9.87;2015;63463;Usado;Préstamo;4;2;4;2;MarcaD;ModeloI;B;SUV;Nafta;Manual;5;85;1244;9.96;36158;0KM;Contado;2020-10;5;4;7;3;R1069
MarcaG;ModeloA;SUV-B;Sedan;Nafta;CVT;5;97;1873;11.01;2020;78821;Usado;Contado;4;3;3;2;MarcaE;ModeloE;SUV-B;Sedan;Nafta;Automática;5;98;1720;7.23;87750;Usado;Contado;2021-08;6;4;6;5;R1170
MarcaG;ModeloF;SUV-C;Hatch;Híbrido;Manual;5;147;2317;6.86;2017;37950;Usado;Plan;3;5;2;4;MarcaC;ModeloD;SUV-C;Hatch;Híbrido;Manual;4;97;2516;7.42;202108;0KM;Plan;2024-11;4;4;4;7;R1174
MarcaB;ModeloC;SUV-B;Sedan;Nafta;Manual;5;87;1867;7.5;2018;18793;Usado;Préstamo;1;1;2;5;MarcaA;ModeloP;SUV-B;Hatch;Nafta;Automática;5;104;1390;9.25;84998;0KM;Préstamo;2018-08;5;5;5;5;R1045
MarcaA;ModeloA;C;Sedan;Nafta;Manual;5;103;1404;5.63;2009;65801;Usado;Contado;4;4;3;2;MarcaA;ModeloH;C;Sedan;Nafta;Manual;5;109;1660;7.74;78007;0KM;Préstamo;2024-09;5;4;5;5;R1066
MarcaF;ModeloE;A;Sedan;Nafta;Automática;4;75;1136;4.84;2013;51350;Usado;Préstamo;2;3;1;4;MarcaD;ModeloF;A;SUV;Nafta;CVT;4;51;1001;10.09;26718;0KM;Plan;2018-01;6;5;5;4;R1182
MarcaC;ModeloM;C;SUV;Híbrido;Automática;4;126;1667;13.16;2016;69089;Usado;Plan;3;3;4;3;MarcaC;ModeloN;C;SUV;Híbrido;Automática;4;111;1464;11.79;83175;Usado;Plan;2021-03;6;5;4;6;R1165
MarcaE;ModeloB;B;Hatch;Diesel;Manual;5;94;1356;7.53;2019;87867;Usado;Contado;3;4;3;4;MarcaE;ModeloC;D;Otro;Diesel;CVT;4;141;2157;8.98;109190;Usado;Contado;2023-06;3;4;6;5;R1078
MarcaC;ModeloO;SUV-C;SUV;Diesel;Automática;4;197;2217;10.42;2018;90684;Usado;Contado;6;3;2;4;MarcaB;ModeloO;SUV-C;Hatch;Diesel;Automática;4;107;1974;6.66;138288;0KM;Contado;2022-02;6;5;6;6;R1186
MarcaA;ModeloJ;SUV-C;SUV;Nafta;Manual;4;168;2411;5.97;2006;50055;Usado;Préstamo;4;3;3;4;MarcaG;ModeloD;B;SUV;Nafta;Manual;5;80;1300;8.63;53530;Usado;Préstamo;2024-02;6;6;3;3;R1177
MarcaB;ModeloE;B;SUV;Híbrido;Manual;5;108;1073;9.73;2003;75645;Usado;Préstamo;4;3;5;5;MarcaF;ModeloP;Utilitario;SUV;Híbrido;Automática;4;100;1541;4.01;42335;0KM;Plan;2018-01;4;5;3;4;R1056
MarcaD;ModeloK;C;Hatch;Nafta;Manual;4;102;1631;10.87;2019;28299;Usado;Préstamo;2;3;4;2;MarcaE;ModeloO;Utilitario;Otro;Nafta;Manual;5;79;2089;8.09;41492;0KM;Plan;2023-06;6;6;5;5;R1152
MarcaD;ModeloK;B;SUV;GNC;Automática;4;91;1334;8.68;2019;89800;Usado;Préstamo;3;3;2;4;MarcaG;ModeloC;C;Hatch;GNC;Manual;5;72;1691;7.6;47850;Usado;Préstamo;2022-10;3;5;6;6;R1082
MarcaB;ModeloM;B;Otro;Nafta;Automática;5;72;1357;11.93;2007;37277;Usado;Préstamo;5;4;6;2;MarcaA;ModeloF;B;Pick-up;Nafta;Manual;4;102;817;9.63;34182;0KM;Préstamo;2021-10;5;6;6;4;R1068
MarcaF;ModeloJ;C;Otro;Nafta;Manual;5;92;1454;7.22;2013;69231;Usado;Préstamo;5;4;3;5;MarcaE;ModeloE;C;SUV;Nafta;Manual;5;128;1136;12.32;52168;0KM;Contado;2024-08;5;5;6;5;R1124
MarcaG;ModeloJ;SUV-B;Sedan;Diesel;CVT;3;82;1724;9.59;2019;56807;Usado;Plan;3;4;4;3;MarcaA;ModeloH;SUV-B;Sedan;Diesel;Automática;5;102;1822;10.92;79540;0KM;Contado;2023-02;2;3;5;5;R1016
MarcaB;ModeloI;SUV-C;SUV;Nafta;Automática;4;164;2305;8.92;2007;19448;Usado;Contado;5;3;3;3;MarcaC;ModeloK;SUV-C;Sedan;Nafta;Automática;5;209;2001;12.47;139949;0KM;Contado;2021-10;5;3;6;5;R1148
MarcaC;ModeloB;C;Sedan;Nafta;Manual;4;110;1222;9.76;2016;119918;Usado;Contado;3;3;7;2;MarcaA;ModeloN;B;Hatch;Nafta;Manual;5;99;1022;10.19;44703;0KM;Plan;2021-06;6;6;5;4;R1093
MarcaG;ModeloC;SUV-B;Sedan;Nafta;Automática;5;118;1563;6.56;2018;22813;Usado;Contado;2;3;3;5;MarcaD;ModeloD;B;Hatch;Híbrido;Manual;5;82;1787;6.4;53879;Usado;Préstamo;2024-08;5;4;4;5;R1065
MarcaG;ModeloB;B;SUV;Nafta;Manual;5;73;1314;9.93;2009;88737;Usado;Contado;4;5;4;3;MarcaF;ModeloD;SUV-B;Sedan;Nafta;Manual;4;89;1880;4.33;71805;Usado;Préstamo;2021-10;4;5;4;4;R1060
MarcaA;ModeloG;C;Sedan;Nafta;Manual;5;120;1518;11.84;2008;99744;Usado;Préstamo;2;2;4;6;MarcaE;ModeloI;C;SUV;Nafta;Automática;4;82;1617;10.05;119084;0KM;Préstamo;2023-03;3;6;5;5;R1084
MarcaB;ModeloN;D;Sedan;Diesel;Manual;5;139;2541;14.25;2019;23616;Usado;Préstamo;5;4;7;5;MarcaD;ModeloP;D;Hatch;Diesel;CVT;5;128;3014;6.13;102853;0KM;Contado;2023-05;5;6;4;6;R1067
MarcaB;ModeloN;D;Hatch;Diesel;Manual;5;181;2390;8.74;2020;97388;Usado;Contado;5;5;5;5;MarcaF;ModeloM;D;Sedan;Diesel;CVT;4;140;2411;4.09;117771;Usado;Préstamo;2019-03;4;3;4;6;R1125
MarcaA;ModeloH;C;SUV;Nafta;Manual;5;84;1635;11.08;2003;62988;Usado;Leasing;5;2;6;2;MarcaF;ModeloJ;C;SUV;Nafta;Automática;4;104;1342;10.14;114931;Usado;Contado;2024-12;5;4;6;4;R1132
MarcaG;ModeloK;B;Sedan;Diesel;Automática;4;104;1515;10.56;2018;6649;Usado;Contado;3;4;4;5;MarcaA;ModeloC;Utilitario;Sedan;Híbrido;Manual;5;121;1296;10.04;56469;0KM;Contado;2021-09;4;6;3;6;R1009
MarcaD;ModeloL;B;Sedan;Nafta;CVT;5;88;1200;7.75;2014;65448;Usado;Contado;6;3;4;3;MarcaB;ModeloL;B;Pick-up;Nafta;CVT;5;82;1514;8.35;30618;Usado;Préstamo;2021-08;4;5;3;6;R1018
MarcaA;ModeloH;SUV-C;SUV;Nafta;Manual;5;188;1668;10.49;2015;71675;Usado;Contado;4;2;5;7;MarcaC;ModeloP;Pick-up;SUV;Nafta;Automática;3;198;3258;10.32;155236;0KM;Préstamo;2022-01;5;4;4;4;R1055
MarcaA;ModeloC;B;Sedan;Nafta;Manual;3;69;1303;7.79;2005;55934;Usado;Préstamo;5;4;4;5;MarcaG;ModeloF;B;SUV;Nafta;Automática;4;89;1469;6.55;36928;0KM;Préstamo;2021-03;5;4;2;4;R1075
MarcaB;ModeloM;B;Sedan;Nafta;Manual;5;98;1521;7.32;2001;24535;Usado;Préstamo;3;5;3;5;MarcaF;ModeloE;B;Sedan;Nafta;Automática;4;103;2318;7.44;30299;Usado;Plan;2018-01;4;2;7;2;R1150
MarcaB;ModeloF;B;SUV;Nafta;Manual;5;107;1417;9.32;2008;62708;Usado;Préstamo;4;4;5;4;MarcaG;ModeloF;B;SUV;Nafta;Automática;5;100;1647;6.07;41028;0KM;Contado;2023-09;5;4;3;5;R1104
MarcaD;ModeloN;B;Hatch;Nafta;Manual;5;112;1447;9.57;2002;104569;Usado;Leasing;3;5;3;3;MarcaF;ModeloG;SUV-B;Hatch;Nafta;CVT;5;115;1469;10.08;84518;Usado;Préstamo;2020-06;4;5;6;4;R1135
MarcaB;ModeloE;C;SUV;Nafta;Manual;4;117;1574;11.24;2003;90194;Usado;Préstamo;4;2;2;4;MarcaF;ModeloA;C;Otro;Nafta;Automática;4;110;940;11.19;57597;Usado;Plan;2022-04;4;4;4;5;R1137
MarcaC;ModeloG;SUV-C;Sedan;GNC;Manual;4;139;2332;11.11;2009;88002;Usado;Préstamo;3;6;4;4;MarcaD;ModeloK;C;Sedan;GNC;CVT;4;102;1489;11.13;63765;0KM;Contado;2024-01;5;4;5;3;R1164
MarcaA;ModeloC;B;Hatch;Nafta;Automática;5;98;1580;6.71;2018;28857;Usado;Préstamo;3;6;4;4;MarcaF;ModeloH;B;SUV;Nafta;CVT;5;86;1818;5.42;42169;0KM;Préstamo;2022-07;4;5;3;4;R1076
MarcaD;ModeloK;SUV-C;Sedan;Diesel;Manual;5;147;2613;10.43;2018;86427;Usado;Préstamo;4;3;4;4;MarcaC;ModeloG;Pick-up;Sedan;Diesel;Automática;5;175;3422;7.5;148985;0KM;Plan;2024-06;3;6;3;4;R1079
MarcaD;ModeloL;C;Sedan;Nafta;Manual;4;81;1815;8.53;2000;17944;Usado;Contado;4;2;5;2;MarcaD;ModeloK;D;Hatch;Nafta;Automática;5;163;2408;10.3;158670;Usado;Contado;2020-05;5;6;5;5;R1197
MarcaD;ModeloA;B;Otro;Nafta;Automática;4;73;1553;10.12;2009;84340;Usado;Contado;6;4;3;4;MarcaF;ModeloI;B;Sedan;Nafta;Automática;5;75;1361;6.38;32706;Usado;Préstamo;2023-06;4;5;4;6;R1038
MarcaB;ModeloB;A;Otro;Nafta;Automática;5;61;845;10.58;2011;73536;Usado;Plan;3;3;4;4;MarcaG;ModeloK;SUV-B;SUV;Nafta;Automática;5;92;1717;6.73;85159;0KM;Préstamo;2019-07;4;4;5;4;R1024
MarcaF;ModeloJ;B;Otro;Nafta;CVT;4;117;1594;7.16;2003;77367;Usado;Contado;5;3;4;4;MarcaE;ModeloJ;B;Sedan;Nafta;Automática;5;115;1801;8.51;61553;Usado;Contado;2018-04;6;3;3;5;R1122
MarcaA;ModeloJ;B;Hatch;Nafta;Manual;5;74;1557;7.81;2020;27372;Usado;Contado;2;3;4;4;MarcaB;ModeloM;E;SUV;Nafta;CVT;4;226;3613;13.55;156834;0KM;Contado;2019-11;3;6;3;4;R1195
MarcaF;ModeloN;B;Hatch;Nafta;Manual;5;70;1286;10.29;2012;84465;Usado;Contado;4;5;3;4;MarcaE;ModeloM;Pick-up;SUV;Nafta;Manual;5;160;3166;7.11;169668;0KM;Contado;2020-05;3;5;5;7;R1029
MarcaC;ModeloG;B;Sedan;Diesel;Automática;4;87;1506;7.38;2012;86281;Usado;Contado;6;3;3;2;MarcaF;ModeloI;B;Hatch;Diesel;Automática;5;81;1071;8.69;40164;0KM;Contado;2019-12;5;3;5;4;R1019
MarcaE;ModeloN;C;SUV;Diesel;Manual;3;105;1708;10.52;2007;71756;Usado;Plan;3;2;3;5;MarcaG;ModeloO;SUV-B;Pick-up;Diesel;Manual;4;95;1526;9.75;91270;Usado;Préstamo;2024-06;5;5;3;5;R1143
MarcaC;ModeloJ;C;Sedan;Diesel;Automática;4;122;1704;7.67;2004;93820;Usado;Contado;2;3;2;4;MarcaB;ModeloO;C;Hatch;Diesel;Automática;5;117;2168;11.97;44188;Usado;Contado;2018-06;6;5;2;5;R1086
MarcaF;ModeloK;B;SUV;Nafta;Manual;5;97;1423;9.19;2020;92735;Usado;Contado;5;4;2;3;MarcaA;ModeloD;B;SUV;Nafta;Automática;5;96;1527;5.78;37092;Usado;Plan;2024-11;4;4;2;3;R1114
MarcaG;ModeloL;C;Hatch;Nafta;Manual;4;93;1729;8.38;2006;83519;Usado;Contado;4;5;4;2;MarcaB;ModeloD;C;SUV;Nafta;Automática;4;117;1839;8.0;64495;0KM;Plan;2021-05;4;5;5;4;R1173
MarcaF;ModeloN;A;Hatch;Nafta;Manual;4;60;1239;8.39;2010;102356;Usado;Contado;3;3;3;4;MarcaB;ModeloO;A;Sedan;Nafta;Manual;4;83;800;5.24;23571;0KM;Contado;2018-01;5;6;3;5;R1005
MarcaF;ModeloF;C;Sedan;Nafta;Manual;5;87;1337;13.35;2012;88122;Usado;Préstamo;5;2;2;5;MarcaE;ModeloJ;C;Hatch;Nafta;Automática;5;113;1944;9.19;50730;Usado;Contado;2024-08;4;5;5;6;R1126
MarcaC;ModeloK;SUV-B;SUV;Nafta;Manual;5;96;1489;13.87;2011;48640;Usado;Contado;4;2;5;3;MarcaD;ModeloD;C;Sedan;Nafta;Manual;4;126;1337;10.47;93966;0KM;Préstamo;2022-12;3;4;7;4;R1117
MarcaF;ModeloK;SUV-B;SUV;Nafta;Automática;5;105;1724;7.25;2009;38319;Usado;Plan;2;6;3;3;MarcaA;ModeloB;SUV-B;Pick-up;Nafta;Automática;4;128;1980;7.5;60273;Usado;Préstamo;2018-03;7;6;3;5;R1073
MarcaA;ModeloH;SUV-C;Sedan;GNC;Manual;4;164;1978;11.11;2016;66118;Usado;Contado;4;4;5;5;MarcaG;ModeloD;SUV-C;Sedan;GNC;Manual;4;164;2350;14.16;88156;Usado;Préstamo;2019-07;4;4;3;3;R1140
MarcaF;ModeloE;SUV-C;Hatch;Nafta;Automática;5;158;2369;9.69;2011;73697;Usado;Préstamo;4;3;6;5;MarcaE;ModeloB;SUV-C;SUV;Nafta;CVT;4;191;1936;9.35;255782;Usado;Préstamo;2021-01;4;5;2;6;R1098
MarcaE;ModeloG;C;Hatch;Nafta;Automática;5;97;1661;9.09;2009;93335;Usado;Préstamo;3;4;4;5;MarcaD;ModeloI;B;SUV;Nafta;Automática;5;59;1160;9.05;37169;0KM;Préstamo;2021-12;7;2;4;4;R1172
MarcaB;ModeloO;D;SUV;Nafta;Automática;5;155;2335;10.19;2018;0;Usado;Préstamo;5;6;2;3;MarcaE;ModeloN;D;SUV;Nafta;Automática;5;135;2296;9.23;102071;0KM;Préstamo;2024-07;4;4;4;4;R1096
MarcaG;ModeloA;SUV-C;Hatch;Nafta;Manual;5;115;2421;8.61;2012;26877;Usado;Préstamo;2;5;1;6;MarcaB;ModeloG;D;SUV;Nafta;Manual;5;145;2032;9.68;130270;0KM;Préstamo;2020-02;3;7;5;4;R1169
MarcaE;ModeloA;B;Sedan;Nafta;Automática;5;72;1573;11.7;2015;74239;Usado;Préstamo;5;2;3;7;MarcaA;ModeloC;B;Sedan;Nafta;Automática;5;102;1318;7.28;47855;0KM;Préstamo;2022-11;4;6;4;3;R1097
MarcaA;ModeloB;B;SUV;Diesel;Automática;4;71;1188;13.09;2006;61020;Usado;Contado;4;4;5;3;MarcaG;ModeloD;B;SUV;Diesel;Automática;4;88;1193;4.21;53709;0KM;Contado;2020-11;5;5;5;5;R1031
MarcaF;ModeloO;B;Hatch;Nafta;Manual;4;86;1461;4.98;2011;66534;Usado;Préstamo;6;2;4;3;MarcaE;ModeloD;A;SUV;Nafta;Manual;4;82;1275;5.3;27222;0KM;Préstamo;2018-11;5;5;5;4;R1012
MarcaE;ModeloA;SUV-C;SUV;Nafta;Automática;4;135;2456;11.1;2009;68928;Usado;Contado;3;3;3;3;MarcaF;ModeloD;SUV-C;Pick-up;Nafta;Automática;4;111;2155;5.26;107792;0KM;Préstamo;2021-08;5;4;3;5;R1035
MarcaF;ModeloN;B;Sedan;Nafta;Automática;5;117;998;7.08;2002;50479;Usado;Préstamo;4;5;2;4;MarcaA;ModeloG;B;SUV;Nafta;Manual;4;86;973;11.95;22451;0KM;Contado;2022-09;4;6;4;4;R1119
MarcaE;ModeloA;D;Sedan;Nafta;Automática;5;141;2384;9.82;2009;41965;Usado;Préstamo;6;3;3;3;MarcaE;ModeloK;D;Pick-up;Híbrido;Automática;5;99;2667;6.96;132576;Usado;Contado;2018-10;4;4;5;3;R1042
MarcaB;ModeloL;B;SUV;Nafta;Automática;5;82;1029;11.43;2001;54826;Usado;Préstamo;5;3;3;2;MarcaG;ModeloI;C;Sedan;Nafta;Automática;4;111;1338;7.42;76198;0KM;Leasing;2019-01;5;5;5;3;R1189
MarcaF;ModeloE;C;Hatch;Nafta;Automática;4;99;1686;8.05;2001;20353;Usado;Contado;5;3;1;4;MarcaC;ModeloJ;SUV-B;Sedan;GNC;Manual;4;108;1520;6.67;83401;0KM;Préstamo;2023-09;5;6;6;3;R1090
MarcaF;ModeloM;SUV-B;Pick-up;Nafta;CVT;5;83;1723;11.04;2020;51394;Usado;Contado;4;2;2;5;MarcaD;ModeloM;SUV-B;SUV;Nafta;Manual;5;101;1910;7.74;95055;0KM;Plan;2019-02;5;5;4;3;R1136
MarcaB;ModeloC;B;Sedan;Híbrido;Manual;5;97;1422;11.47;2004;85682;Usado;Contado;5;3;4;5;MarcaC;ModeloA;SUV-B;Hatch;Híbrido;Automática;5;89;1942;11.36;112690;0KM;Préstamo;2021-03;4;4;5;7;R1051
MarcaD;ModeloA;A;Sedan;Nafta;Manual;5;65;1048;8.44;2004;117466;Usado;Contado;3;7;2;4;MarcaC;ModeloJ;A;SUV;Nafta;Automática;5;55;1239;4.83;25750;0KM;Leasing;2021-09;6;7;4;5;R1127
MarcaA;ModeloN;B;Pick-up;Nafta;Automática;5;119;1384;10.99;2004;112729;Usado;Contado;2;5;5;4;MarcaB;ModeloO;C;Sedan;Nafta;Automática;4;89;1621;6.69;64842;0KM;Plan;2023-06;5;4;6;6;R1162
MarcaB;ModeloL;B;Sedan;Nafta;CVT;5;82;1302;10.15;2004;59461;Usado;Contado;4;1;3;6;MarcaG;ModeloF;B;Sedan;Nafta;Automática;4;74;1602;7.65;26255;0KM;Préstamo;2019-04;4;4;6;3;R1041
MarcaD;ModeloG;B;Sedan;Nafta;CVT;4;68;1259;11.19;2004;37028;Usado;Préstamo;4;4;3;3;MarcaC;ModeloB;B;Sedan;Nafta;Manual;5;84;1401;4.65;36750;0KM;Leasing;2022-12;6;5;5;4;R1118
MarcaG;ModeloI;SUV-C;Hatch;Nafta;Manual;3;178;2002;13.9;2008;13111;Usado;Contado;5;2;3;4;MarcaC;ModeloM;SUV-B;Hatch;Nafta;Automática;4;84;1900;8.39;88793;Usado;Plan;2023-12;4;5;4;3;R1113
MarcaE;ModeloK;B;SUV;Híbrido;Automática;5;114;1439;7.9;2009;67739;Usado;Contado;6;3;3;3;MarcaB;ModeloP;B;Otro;Híbrido;Manual;5;109;997;5.38;35195;Usado;Contado;2019-09;5;5;5;5;R1026
MarcaB;ModeloF;SUV-B;Otro;Nafta;Automática;5;84;1356;9.21;2009;73641;Usado;Préstamo;4;4;3;4;MarcaG;ModeloO;SUV-B;Otro;Nafta;Automática;5;101;1763;9.06;98751;Usado;Contado;2024-10;5;3;5;5;R1139
MarcaD;ModeloE;B;Hatch;Nafta;Automática;4;73;1240;9.55;2014;61907;Usado;Préstamo;3;3;6;7;MarcaA;ModeloJ;B;Hatch;Nafta;Automática;5;91;1935;4.59;46267;Usado;Plan;2021-11;4;3;5;5;R1100
MarcaB;ModeloA;B;Sedan;GNC;Manual;4;101;1210;9.15;2012;63008;Usado;Contado;4;4;3;4;MarcaF;ModeloG;D;Otro;GNC;Automática;5;113;2384;4.96;101593;0KM;Contado;2019-11;5;4;6;6;R1111
MarcaF;ModeloC;B;SUV;Nafta;Automática;5;83;1743;8.67;2004;57460;Usado;Contado;4;6;3;4;MarcaE;ModeloN;D;Sedan;Nafta;Automática;5;151;2517;9.48;111060;0KM;Préstamo;2019-03;3;7;5;5;R1002
MarcaD;ModeloD;SUV-C;Sedan;Nafta;Automática;3;144;2032;11.51;2018;0;Usado;Contado;4;3;3;3;MarcaE;ModeloH;SUV-C;SUV;Nafta;Automática;5;111;2226;10.56;170069;0KM;Préstamo;2021-01;5;6;4;5;R1077
MarcaG;ModeloC;A;Sedan;Nafta;Manual;5;80;1119;5.15;2015;50424;Usado;Contado;5;3;3;4;MarcaG;ModeloE;A;SUV;Nafta;Manual;5;68;1147;9.42;22199;Usado;Plan;2024-01;3;6;3;6;R1046
MarcaE;ModeloM;B;Sedan;Híbrido;Manual;4;111;1160;6.51;2015;69597;Usado;Contado;4;4;3;4;MarcaC;ModeloA;B;Sedan;Híbrido;Automática;5;81;1553;4.37;30387;Usado;Leasing;2023-09;3;4;3;6;R1187
MarcaE;ModeloA;B;Sedan;Nafta;Automática;4;97;1638;10.15;2009;67392;Usado;Contado;4;3;6;3;MarcaE;ModeloG;B;Sedan;Nafta;Automática;5;83;1545;5.89;42172;0KM;Contado;2019-02;4;3;4;5;R1191
MarcaB;ModeloL;C;SUV;Nafta;Automática;4;121;1841;10.03;2012;30650;Usado;Préstamo;6;5;4;4;MarcaA;ModeloH;C;Sedan;Nafta;Manual;5;101;1713;6.2;74897;Usado;Plan;2022-11;4;5;4;6;R1085
MarcaB;ModeloA;B;Sedan;Nafta;Automática;4;86;1346;7.95;2013;27588;Usado;Préstamo;3;3;4;4;MarcaD;ModeloA;B;Pick-up;Nafta;Manual;5;96;1420;9.05;27988;Usado;Préstamo;2024-10;4;3;5;6;R1161
MarcaF;ModeloI;C;SUV;Diesel;Manual;4;83;1748;7.58;2013;83610;Usado;Contado;1;3;4;5;MarcaG;ModeloK;C;SUV;Diesel;Automática;5;134;1433;9.06;60799;0KM;Contado;2023-03;4;6;6;3;R1036
MarcaC;ModeloI;SUV-B;SUV;GNC;CVT;5;101;1703;9.46;2009;58662;Usado;Contado;3;1;4;4;MarcaE;ModeloI;SUV-B;SUV;GNC;CVT;5;96;1510;8.27;173958;Usado;Contado;2023-11;4;4;6;5;R1190
MarcaA;ModeloM;SUV-C;Sedan;Nafta;Manual;3;113;2472;8.48;2006;92734;Usado;Contado;4;2;3;4;MarcaF;ModeloK;SUV-C;Otro;Nafta;Automática;4;85;2140;4.53;177820;Usado;Préstamo;2024-12;5;4;5;4;R1061
MarcaD;ModeloI;C;Otro;Nafta;Manual;4;108;1901;8.24;2005;24635;Usado;Contado;6;2;5;4;MarcaF;ModeloH;C;Hatch;Nafta;Manual;5;107;800;8.77;58921;Usado;Plan;2024-08;4;4;6;6;R1022
MarcaD;ModeloE;C;Sedan;Nafta;Automática;5;96;1802;11.88;2003;19058;Usado;Contado;2;3;5;4;MarcaG;ModeloO;C;Hatch;Nafta;Automática;5;112;1071;10.22;72012;0KM;Contado;2019-05;5;6;5;5;R1141
MarcaC;ModeloB;C;Hatch;Nafta;Manual;4;121;1652;12.44;2017;79413;Usado;Préstamo;3;3;3;2;MarcaC;ModeloG;C;Sedan;Nafta;Manual;5;89;2063;7.56;62986;Usado;Préstamo;2023-05;6;4;3;3;R1101
MarcaE;ModeloC;D;Hatch;Nafta;Automática;4;116;1936;11.46;2020;96591;Usado;Préstamo;5;5;1;5;MarcaD;ModeloM;D;SUV;Nafta;CVT;4;144;2648;10.81;101375;0KM;Contado;2024-07;5;2;5;6;R1033
MarcaE;ModeloI;C;Hatch;Diesel;Manual;5;79;1854;10.72;2018;5175;Usado;Contado;4;1;4;4;MarcaG;ModeloB;C;Hatch;Diesel;Automática;4;137;1473;11.74;73466;0KM;Préstamo;2023-07;5;5;5;4;R1011
MarcaF;ModeloP;SUV-B;Sedan;Nafta;Manual;4;97;1749;8.64;2006;95352;Usado;Préstamo;2;2;5;6;MarcaD;ModeloA;SUV-B;SUV;Nafta;Automática;5;87;1617;3.5;109480;0KM;Contado;2020-11;4;3;4;5;R1194
MarcaD;ModeloK;SUV-C;Hatch;Nafta;Manual;5;117;2293;11.53;2017;102805;Usado;Contado;4;2;2;4;MarcaF;ModeloM;D;SUV;Nafta;Manual;4;144;3050;8.47;142566;Usado;Plan;2018-06;4;3;5;7;R1159
MarcaE;ModeloI;Pick-up;Pick-up;Nafta;Automática;5;171;2779;9.48;2020;36429;Usado;Préstamo;2;4;6;2;MarcaG;ModeloA;Utilitario;Hatch;Nafta;CVT;4;56;1879;6.04;50231;Usado;Leasing;2021-11;3;5;7;3;R1006
MarcaD;ModeloO;SUV-B;Sedan;Nafta;Automática;5;74;2098;7.44;2020;53927;Usado;Préstamo;4;2;3;4;MarcaB;ModeloI;C;SUV;Nafta;Manual;5;100;1647;10.52;106551;0KM;Plan;2022-01;5;5;6;7;R1027
MarcaC;ModeloN;SUV-C;Hatch;Nafta;Manual;4;167;2301;14.09;2018;85319;Usado;Plan;4;4;4;4;MarcaA;ModeloK;SUV-C;SUV;Nafta;Automática;5;133;2417;6.43;234492;0KM;Plan;2023-06;3;3;6;6;R1120
MarcaB;ModeloA;C;Sedan;Nafta;Automática;3;101;1636;7.41;2017;91798;Usado;Contado;4;4;4;6;MarcaE;ModeloG;SUV-C;Hatch;Nafta;Automática;3;143;2220;6.5;150640;0KM;Préstamo;2022-10;2;4;4;6;R1004
MarcaB;ModeloF;SUV-B;Hatch;Diesel;Automática;4;104;2005;11.3;2002;84604;Usado;Contado;4;6;3;5;MarcaG;ModeloN;SUV-B;Pick-up;Diesel;Manual;5;144;1879;11.64;87951;Usado;Contado;2020-02;5;6;3;6;R1032
MarcaF;ModeloK;C;Sedan;Nafta;Automática;5;112;1903;12.49;2012;9910;Usado;Préstamo;5;4;2;4;MarcaG;ModeloO;C;Pick-up;Diesel;Automática;5;122;1693;11.64;59639;0KM;Préstamo;2022-03;5;6;4;5;R1142
MarcaG;ModeloH;E;Hatch;Nafta;Automática;5;290;3238;12.9;2011;34059;Usado;Préstamo;3;6;5;4;MarcaG;ModeloI;C;Otro;Nafta;CVT;5;132;1690;6.71;103724;Usado;Préstamo;2024-09;4;3;3;5;R1145
MarcaB;ModeloG;C;Sedan;Nafta;Manual;5;82;1653;7.29;2008;65938;Usado;Contado;5;4;3;4;MarcaG;ModeloO;SUV-B;Pick-up;Nafta;Manual;4;81;1589;6.77;115995;Usado;Préstamo;2019-03;3;3;3;5;R1109
MarcaB;ModeloP;C;SUV;Diesel;Manual;5;95;1977;6.42;2008;112096;Usado;Préstamo;4;3;2;4;MarcaD;ModeloI;Pick-up;Hatch;Nafta;Automática;4;103;2651;7.64;128663;0KM;Contado;2019-04;5;4;3;5;R1144
MarcaD;ModeloD;SUV-B;Sedan;Nafta;CVT;4;128;1636;10.79;2014;70346;Usado;Contado;4;2;5;5;MarcaC;ModeloL;SUV-B;Otro;Híbrido;Automática;5;113;2261;5.97;69852;0KM;Contado;2021-10;4;3;3;5;R1010
MarcaG;ModeloD;SUV-C;SUV;Diesel;Manual;4;120;2114;10.57;2000;67714;Usado;Préstamo;5;2;4;4;MarcaB;ModeloG;E;Hatch;Nafta;Automática;5;190;3412;7.9;199240;Usado;Préstamo;2020-06;6;5;5;6;R1062
MarcaD;ModeloK;C;Sedan;Diesel;Manual;5;88;1711;10.58;2015;88397;Usado;Contado;3;2;2;5;MarcaC;ModeloC;C;SUV;Nafta;Automática;5;90;1100;12.3;57955;Usado;Préstamo;2018-10;6;3;6;4;R1112
MarcaG;ModeloP;Utilitario;Hatch;Híbrido;CVT;5;82;1789;11.85;2011;39468;Usado;Contado;4;4;5;1;MarcaF;ModeloH;Utilitario;SUV;Híbrido;Manual;5;137;1234;11.86;53693;Usado;Préstamo;2024-06;3;4;5;6;R1146
MarcaC;ModeloC;B;Sedan;Nafta;Manual;5;98;1198;9.09;2012;4274;Usado;Contado;3;3;3;3;MarcaD;ModeloA;B;SUV;Nafta;Automática;4;110;1950;4.5;29358;0KM;Préstamo;2023-06;6;5;6;5;R1166
MarcaF;ModeloD;C;Pick-up;Nafta;Manual;5;109;1444;9.25;2018;68059;Usado;Préstamo;4;3;5;3;MarcaA;ModeloI;SUV-C;Hatch;Nafta;CVT;5;161;2360;10.85;106502;0KM;Préstamo;2018-10;4;3;4;5;R1000
MarcaC;ModeloO;SUV-C;Otro;GNC;Automática;5;126;2280;13.6;2000;76041;Usado;Contado;5;3;5;6;MarcaC;ModeloJ;SUV-C;Sedan;Diesel;Manual;4;113;2507;7.03;139427;0KM;Préstamo;2020-05;5;3;5;3;R1198
MarcaD;ModeloB;B;Sedan;Nafta;Automática;4;93;1655;7.54;2003;88152;Usado;Plan;4;2;3;2;MarcaB;ModeloN;B;Otro;Nafta;Automática;5;69;1369;10.88;42040;0KM;Plan;2024-04;5;5;4;5;R1153
MarcaG;ModeloO;B;SUV;Nafta;Manual;5;73;1152;8.2;2008;74294;Usado;Contado;4;4;3;4;MarcaC;ModeloN;B;Hatch;Nafta;Automática;5;77;1452;5.23;34567;Usado;Préstamo;2019-01;3;5;6;4;R1070
MarcaF;ModeloN;B;SUV;Diesel;Manual;4;71;1210;8.02;2008;90146;Usado;Contado;6;4;2;4;MarcaC;ModeloM;B;Hatch;Diesel;CVT;4;95;1487;5.33;45565;0KM;Préstamo;2024-05;5;5;5;3;R1123
MarcaB;ModeloI;C;Hatch;Nafta;Automática;4;133;1569;8.27;2020;51932;Usado;Préstamo;5;1;4;4;MarcaD;ModeloH;C;Sedan;Nafta;Automática;4;118;1539;8.35;54510;0KM;Préstamo;2021-01;6;6;5;5;R1064
MarcaG;ModeloJ;B;Sedan;Nafta;Manual;5;114;946;7.86;2002;5978;Usado;Contado;5;4;6;5;MarcaB;ModeloB;B;Pick-up;Nafta;Automática;4;55;1414;7.15;40449;0KM;Préstamo;2024-05;4;3;3;6;R1044
MarcaB;ModeloB;C;SUV;Nafta;Manual;5;114;1610;7.0;2015;58620;Usado;Préstamo;3;3;4;2;MarcaC;ModeloM;C;Otro;Diesel;Automática;5;83;1266;9.16;54858;0KM;Préstamo;2022-03;3;3;3;4;R1163
MarcaB;ModeloH;C;Sedan;Nafta;Automática;4;117;1539;9.69;2006;48365;Usado;Contado;5;6;5;5;MarcaF;ModeloI;C;Hatch;Nafta;Automática;5;100;1475;7.22;45456;0KM;Plan;2023-08;4;4;4;5;R1028
MarcaG;ModeloJ;Pick-up;Sedan;Diesel;Manual;4;123;2930;7.21;2010;71822;Usado;Contado;5;2;6;2;MarcaG;ModeloG;E;Hatch;Diesel;Automática;5;204;3188;8.26;193921;0KM;Préstamo;2020-03;5;3;5;5;R1040
MarcaD;ModeloB;Pick-up;Sedan;Nafta;Automática;5;180;2744;10.6;2016;64940;Usado;Contado;4;1;2;3;MarcaG;ModeloP;Pick-up;Hatch;Diesel;Manual;5;121;2671;3.87;130267;0KM;Contado;2024-04;4;4;3;5;R1108
MarcaD;ModeloA;C;Hatch;Nafta;Manual;5;104;1731;12.1;2006;34483;Usado;Contado;6;5;3;5;MarcaC;ModeloJ;C;Hatch;Nafta;Manual;4;85;1417;10.46;61665;0KM;Contado;2020-07;7;5;3;6;R1155
MarcaG;ModeloM;C;SUV;Nafta;Manual;5;92;1609;10.88;2007;66041;Usado;Leasing;3;4;3;4;MarcaG;ModeloN;A;SUV;Nafta;Manual;5;62;800;9.5;35220;0KM;Contado;2024-05;5;6;4;5;R1156
MarcaD;ModeloI;A;Sedan;Nafta;Automática;3;60;1234;10.23;2006;66068;Usado;Contado;4;1;4;4;MarcaA;ModeloG;C;SUV;Nafta;CVT;5;125;1999;9.09;69093;0KM;Contado;2022-03;3;4;4;5;R1025
MarcaF;ModeloK;B;SUV;Diesel;Manual;4;65;1571;7.11;2006;59671;Usado;Contado;3;4;1;4;MarcaG;ModeloB;C;Hatch;Diesel;Automática;5;83;2109;6.15;69169;0KM;Leasing;2022-07;4;3;3;4;R1023
MarcaD;ModeloN;D;Hatch;Nafta;Manual;5;137;2204;10.31;2003;39891;Usado;Contado;5;6;5;5;MarcaG;ModeloI;D;Otro;Nafta;Automática;5;133;2068;8.89;102258;0KM;Préstamo;2022-12;4;5;4;7;R1184
MarcaC;ModeloO;B;SUV;Nafta;Automática;5;61;1046;8.36;2019;103642;Usado;Préstamo;6;4;5;1;MarcaA;ModeloJ;C;Hatch;Nafta;Automática;5;106;1567;9.83;48934;0KM;Contado;2021-09;2;6;5;5;R1147
MarcaD;ModeloE;SUV-B;SUV;Nafta;Manual;5;95;1644;12.5;2009;53255;Usado;Contado;5;6;4;4;MarcaF;ModeloJ;Utilitario;Hatch;Nafta;Automática;4;83;1794;6.73;69880;0KM;Préstamo;2023-01;4;4;2;3;R1081
MarcaE;ModeloF;B;SUV;Diesel;Manual;5;103;1316;10.95;2011;67184;Usado;Plan;4;5;3;4;MarcaE;ModeloD;SUV-C;Sedan;Diesel;Manual;4;137;1925;6.24;102702;Usado;Préstamo;2024-12;6;3;4;5;R1039
MarcaF;ModeloC;B;SUV;ElĂ©ctrico;Manual;5;88;1114;6.48;2013;55180;Usado;Leasing;3;3;4;4;MarcaG;ModeloB;B;Hatch;ElĂ©ctrico;Manual;5;90;1211;12.44;41431;Usado;Leasing;2022-03;4;4;5;4;R1168
MarcaB;ModeloP;D;Hatch;Nafta;Manual;4;145;2028;10.63;2017;10040;Usado;Contado;4;2;4;6;MarcaE;ModeloF;D;SUV;Nafta;Automática;5;166;2650;5.07;130538;0KM;Contado;2022-02;7;3;5;6;R1047
MarcaG;ModeloI;C;SUV;Nafta;Automática;5;115;1717;4.42;2015;37867;Usado;Contado;4;4;5;5;MarcaA;ModeloA;C;Hatch;Nafta;Automática;5;101;1570;8.77;60970;0KM;Préstamo;2024-11;6;5;3;5;R1094
MarcaD;ModeloA;B;Pick-up;Nafta;Manual;4;89;1512;8.4;2020;71781;Usado;Contado;5;2;2;4;MarcaG;ModeloM;B;SUV;Nafta;Manual;5;59;1376;6.56;54291;Usado;Plan;2019-06;4;5;4;6;R1154
MarcaD;ModeloA;B;SUV;Nafta;Automática;3;87;1472;13.49;2016;83370;Usado;Préstamo;3;4;3;4;MarcaA;ModeloL;B;Sedan;Nafta;Automática;5;78;954;7.53;53144;0KM;Contado;2019-09;3;4;4;6;R1043
MarcaG;ModeloD;SUV-B;Otro;Nafta;Manual;4;115;1767;9.28;2000;62333;Usado;Contado;5;1;4;4;MarcaG;ModeloN;SUV-B;SUV;Nafta;Automática;5;88;1772;9.15;132525;0KM;Plan;2018-06;3;6;6;4;R1138
MarcaA;ModeloA;C;Sedan;Nafta;Automática;5;117;1423;9.43;2005;74109;Usado;Préstamo;2;3;4;4;MarcaA;ModeloG;Pick-up;Sedan;Nafta;Manual;5;183;2322;7.66;111553;0KM;Préstamo;2023-07;4;5;3;5;R1003
MarcaD;ModeloA;D;SUV;Nafta;CVT;4;122;2336;10.12;2018;23476;Usado;Contado;4;5;3;5;MarcaB;ModeloK;D;Pick-up;Nafta;Automática;5;194;1977;7.65;148614;0KM;Leasing;2022-12;3;5;5;3;R1105
MarcaA;ModeloC;B;Hatch;Nafta;Manual;5;89;1226;9.56;2006;2660;Usado;Contado;4;5;3;3;MarcaF;ModeloB;B;SUV;Nafta;Manual;5;92;1353;11.26;35564;0KM;Préstamo;2022-11;4;5;3;5;R1053
MarcaB;ModeloG;A;Pick-up;Nafta;Manual;4;60;984;8.76;2009;109281;Usado;Contado;3;1;4;4;MarcaB;ModeloA;A;Pick-up;Nafta;Manual;4;68;800;11.71;31159;Usado;Contado;2021-04;5;4;4;5;R1133
MarcaA;ModeloN;Pick-up;Hatch;Nafta;Automática;5;153;3015;12.52;2019;40195;Usado;Préstamo;2;3;6;3;MarcaG;ModeloP;Utilitario;Sedan;Nafta;Manual;5;81;1850;9.7;47620;0KM;Préstamo;2018-03;3;4;5;4;R1180
MarcaG;ModeloB;A;SUV;Nafta;Automática;4;71;1158;7.92;2007;109766;Usado;Préstamo;4;3;4;2;MarcaC;ModeloN;C;SUV;Nafta;Manual;4;59;2039;3.56;69324;Usado;Préstamo;2022-11;4;6;6;5;R1178
MarcaC;ModeloH;B;SUV;Nafta;Automática;5;99;1494;8.72;2002;47277;Usado;Contado;5;3;1;5;MarcaG;ModeloC;SUV-B;Sedan;Nafta;Manual;3;72;2018;7.78;55953;Usado;Plan;2023-05;3;4;6;5;R1185
MarcaF;ModeloJ;C;Hatch;Híbrido;Manual;5;109;1426;7.18;2007;69879;Usado;Contado;4;2;4;5;MarcaD;ModeloL;C;Sedan;Híbrido;Automática;5;122;1452;6.21;62226;0KM;Contado;2018-02;4;5;5;4;R1049
MarcaF;ModeloK;C;SUV;Nafta;Automática;5;120;1184;9.33;2001;13651;Usado;Préstamo;4;3;4;2;MarcaB;ModeloI;C;SUV;Nafta;Manual;4;123;1853;8.29;80031;Usado;Préstamo;2020-05;4;6;5;5;R1080
MarcaE;ModeloO;B;Sedan;Nafta;Automática;3;100;1033;7.04;2001;57417;Usado;Contado;5;2;3;5;MarcaE;ModeloI;B;Sedan;Nafta;Automática;4;119;1349;8.11;33803;0KM;Préstamo;2023-02;4;5;3;4;R1034
MarcaG;ModeloF;Pick-up;Sedan;Nafta;Manual;4;252;2507;16.29;2019;67425;Usado;Préstamo;4;5;3;5;MarcaF;ModeloN;Pick-up;Hatch;Nafta;CVT;5;116;2804;6.38;126757;0KM;Préstamo;2022-12;5;2;6;6;R1007
MarcaC;ModeloJ;C;Sedan;Diesel;Manual;5;132;1800;13.21;2020;21921;Usado;Plan;6;3;5;5;MarcaG;ModeloH;E;SUV;Diesel;CVT;4;167;3232;10.58;258164;0KM;Plan;2019-01;4;4;3;4;R1110
MarcaE;ModeloG;SUV-C;Sedan;ElĂ©ctrico;Manual;5;148;2197;13.91;2013;63347;Usado;Plan;7;3;6;6;MarcaF;ModeloK;Utilitario;Sedan;ElĂ©ctrico;Manual;5;111;1362;5.14;57326;Usado;Plan;2019-06;3;2;5;3;R1091
MarcaA;ModeloO;SUV-B;Sedan;Nafta;Manual;5;95;1986;12.29;2004;97609;Usado;Leasing;4;2;4;4;MarcaE;ModeloD;SUV-B;Sedan;ElĂ©ctrico;Manual;5;91;1949;10.93;140112;Usado;Plan;2018-06;5;3;4;4;R1083
MarcaD;ModeloG;C;SUV;GNC;Automática;5;86;1744;11.77;2012;84657;Usado;Plan;6;3;2;4;MarcaA;ModeloH;C;SUV;GNC;Automática;5;107;1576;9.33;65032;Usado;Contado;2018-02;4;5;4;5;R1176
MarcaA;ModeloN;A;SUV;ElĂ©ctrico;Automática;5;65;1222;9.9;2015;83406;Usado;Contado;3;4;4;5;MarcaC;ModeloO;A;Sedan;ElĂ©ctrico;Automática;5;56;1161;9.51;26621;0KM;Plan;2022-01;4;6;4;5;R1181
MarcaB;ModeloI;B;Hatch;Nafta;Automática;4;97;1533;6.76;2010;76530;Usado;Contado;3;4;4;3;MarcaA;ModeloD;B;SUV;Nafta;Manual;5;87;1407;6.63;29563;0KM;Plan;2020-10;5;6;5;5;R1089
MarcaC;ModeloI;C;Otro;Nafta;Manual;5;90;1394;7.85;2004;84616;Usado;Préstamo;3;2;3;3;MarcaB;ModeloG;C;Otro;Nafta;Manual;5;101;1288;11.58;51761;0KM;Préstamo;2020-07;5;3;2;4;R1008
MarcaD;ModeloC;B;Hatch;Híbrido;Automática;5;112;1177;12.61;2015;97334;Usado;Préstamo;4;1;3;4;MarcaE;ModeloJ;C;SUV;Híbrido;Automática;5;132;1517;10.75;67688;0KM;Leasing;2021-05;5;5;1;4;R1013
MarcaC;ModeloN;SUV-B;Hatch;Nafta;Automática;5;91;2023;5.61;2002;83838;Usado;Contado;5;3;2;4;MarcaD;ModeloO;SUV-B;Sedan;Nafta;Manual;4;78;2266;3.6;115452;0KM;Plan;2021-06;5;7;5;2;R1059
MarcaB;ModeloE;C;Sedan;Híbrido;Manual;5;66;2108;5.37;2002;72678;Usado;Préstamo;2;4;2;3;MarcaD;ModeloD;A;Hatch;Híbrido;Automática;5;88;1170;6.63;31024;0KM;Préstamo;2019-05;4;5;2;5;R1171
MarcaF;ModeloC;C;Pick-up;Diesel;Automática;5;78;1898;10.39;2009;41683;Usado;Contado;4;4;4;3;MarcaC;ModeloK;C;SUV;Diesel;Manual;5;126;1097;10.39;77548;0KM;Préstamo;2018-01;4;5;5;5;R1131
MarcaG;ModeloD;C;SUV;Nafta;Manual;5;119;1673;10.57;2006;105504;Usado;Contado;4;1;6;5;MarcaD;ModeloI;SUV-C;SUV;Diesel;Manual;4;190;2330;3.64;117753;0KM;Préstamo;2022-06;6;3;5;3;R1017
MarcaC;ModeloG;SUV-C;Sedan;Nafta;Automática;4;150;2296;10.26;2000;39828;Usado;Contado;5;4;5;5;MarcaA;ModeloB;SUV-C;SUV;Nafta;Automática;4;212;2283;7.85;186938;Usado;Contado;2020-09;4;6;4;3;R1072
MarcaE;ModeloA;B;Hatch;GNC;Manual;4;134;1423;8.9;2017;77371;Usado;Préstamo;5;2;4;4;MarcaC;ModeloM;B;Sedan;GNC;Automática;5;77;1587;4.14;76384;0KM;Plan;2024-03;4;3;4;5;R1175
MarcaA;ModeloH;C;SUV;Híbrido;Automática;5;98;1694;7.71;2004;66774;Usado;Préstamo;3;3;4;4;MarcaD;ModeloC;C;SUV;Híbrido;Manual;3;88;2227;9.87;58168;0KM;Préstamo;2024-06;5;4;5;5;R1134
MarcaF;ModeloB;Utilitario;Hatch;Nafta;CVT;4;77;1842;9.69;2008;90101;Usado;Préstamo;3;3;4;4;MarcaC;ModeloH;Utilitario;SUV;Nafta;Manual;5;103;1884;7.64;38424;0KM;Contado;2020-01;5;6;5;6;R1167
MarcaF;ModeloI;SUV-B;Hatch;Diesel;Automática;5;92;2067;6.66;2014;51828;Usado;Contado;6;3;1;4;MarcaE;ModeloP;SUV-B;Sedan;Diesel;Automática;5;122;1875;7.09;96113;0KM;Plan;2021-12;4;5;6;7;R1183
MarcaB;ModeloO;B;Sedan;Nafta;Manual;4;85;1429;6.45;2007;17377;Usado;Plan;6;3;5;5;MarcaB;ModeloN;B;SUV;Nafta;Automática;5;73;1140;10.63;44204;0KM;Préstamo;2019-09;4;6;5;7;R1063
MarcaB;ModeloC;B;Otro;Nafta;Manual;4;113;1229;10.65;2010;45774;Usado;Préstamo;5;3;3;4;MarcaA;ModeloK;E;Sedan;Nafta;Automática;4;214;3209;12.38;198170;0KM;Préstamo;2018-01;4;5;4;6;R1054
MarcaC;ModeloF;D;Otro;Híbrido;Automática;5;160;2459;11.01;2001;49863;0KM;Contado;4;3;3;3;MarcaG;ModeloD;Utilitario;Sedan;Diesel;Automática;5;103;1323;11.15;51422;Usado;Préstamo;2023-01;5;6;3;4;R1107
MarcaD;ModeloO;B;SUV;Nafta;Automática;4;90;1323;11.28;2017;85887;Usado;Contado;2;4;5;5;MarcaA;ModeloH;C;Sedan;Nafta;CVT;5;128;1939;7.15;49751;0KM;Contado;2023-09;4;5;5;4;R1050
MarcaF;ModeloH;SUV-B;Hatch;Nafta;Manual;5;89;1766;11.8;2009;131977;Usado;Préstamo;3;6;2;3;MarcaC;ModeloL;SUV-B;Pick-up;Nafta;Automática;5;117;1711;6.7;100974;0KM;Préstamo;2020-04;3;6;5;4;R1196
MarcaB;ModeloD;C;Sedan;Nafta;Automática;4;94;1649;7.42;2018;49977;Usado;Contado;4;1;3;4;MarcaA;ModeloN;C;Pick-up;Nafta;Automática;4;129;1558;6.25;60436;Usado;Contado;2019-02;4;4;5;5;R1058
MarcaC;ModeloN;D;Hatch;Nafta;Automática;5;130;2384;9.35;2011;70804;Usado;Plan;5;4;6;3;MarcaB;ModeloG;D;Hatch;Nafta;Automática;4;137;2345;9.1;151116;0KM;Plan;2019-12;4;4;3;7;R1048
MarcaF;ModeloJ;C;Sedan;Nafta;Automática;4;131;1543;12.43;2016;32792;Usado;Contado;4;3;3;3;MarcaF;ModeloD;C;SUV;Nafta;Automática;5;80;1653;3.7;43558;Usado;Plan;2020-12;5;3;5;3;R1088
MarcaE;ModeloH;SUV-C;Hatch;Nafta;Automática;4;115;2035;12.1;2003;111703;Usado;Contado;5;4;3;4;MarcaB;ModeloO;SUV-C;Sedan;Nafta;Manual;5;151;2327;11.56;123902;0KM;Préstamo;2018-10;4;7;7;4;R1021
MarcaB;ModeloP;SUV-B;SUV;Nafta;CVT;5;91;1804;6.02;2003;55844;Usado;Contado;3;3;2;5;MarcaG;ModeloN;C;Sedan;Nafta;Automática;5;105;1246;7.85;91680;Usado;Contado;2023-04;3;4;4;6;R1057
MarcaF;ModeloF;SUV-C;Hatch;Nafta;Automática;5;129;1769;10.38;2018;64004;Usado;Préstamo;4;3;4;5;MarcaG;ModeloO;SUV-C;SUV;Nafta;Automática;5;146;2145;12.89;111693;0KM;Contado;2024-04;3;4;5;4;R1160
MarcaA;ModeloH;SUV-B;Otro;Nafta;Automática;4;84;1780;7.96;2003;104422;Usado;Préstamo;2;1;4;5;MarcaF;ModeloN;SUV-B;Hatch;Nafta;Automática;4;74;2457;5.34;92971;0KM;Contado;2023-01;5;5;3;6;R1192
MarcaD;ModeloO;SUV-C;Hatch;Diesel;Manual;5;153;2474;8.44;2003;131491;Usado;Contado;7;5;4;3;MarcaD;ModeloG;D;Otro;Híbrido;Manual;4;171;2436;8.59;125124;0KM;Contado;2020-11;5;5;4;4;R1129
MarcaA;ModeloJ;B;Hatch;Diesel;Automática;5;74;1439;11.13;2020;42090;Usado;Contado;1;4;4;4;MarcaD;ModeloF;B;Hatch;Diesel;Manual;4;66;1372;7.31;47284;0KM;Leasing;2022-05;5;5;5;3;R1037
MarcaE;ModeloH;SUV-B;SUV;Nafta;Manual;5;100;1610;4.71;2001;59712;Usado;Leasing;1;4;2;6;MarcaD;ModeloH;C;Sedan;Nafta;Automática;5;145;2447;11.84;81445;Usado;Contado;2022-11;4;2;6;5;R1157
MarcaD;ModeloH;B;Otro;Híbrido;Manual;5;76;1404;8.47;2006;11673;Usado;Contado;5;4;3;5;MarcaF;ModeloP;B;SUV;Híbrido;Automática;4;92;1390;8.44;42137;0KM;Contado;2022-05;4;3;4;4;R1193
MarcaB;ModeloH;B;SUV;Nafta;Automática;5;88;1330;12.11;2004;47873;Usado;Plan;4;4;1;6;MarcaB;ModeloD;B;Sedan;Nafta;Manual;5;81;1854;12.51;40669;0KM;Contado;2022-12;5;4;4;4;R1001
MarcaE;ModeloH;D;SUV;Nafta;Automática;4;132;2311;9.66;2016;99543;Usado;Plan;5;7;4;4;MarcaE;ModeloH;D;Sedan;Nafta;Manual;5;165;2095;8.28;105653;0KM;Préstamo;2023-03;4;5;4;4;R1052
MarcaE;ModeloC;C;Otro;Nafta;Manual;5;79;1742;8.49;2011;42995;Usado;Contado;5;5;2;5;MarcaB;ModeloE;SUV-B;SUV;Nafta;Manual;5;137;1841;9.84;96968;0KM;Préstamo;2023-04;6;5;4;4;R1149
MarcaE;ModeloP;B;Pick-up;Nafta;Manual;4;53;1273;8.59;2008;22276;Usado;Plan;5;4;5;2;MarcaG;ModeloF;B;Hatch;Nafta;Manual;5;76;1090;9.43;48322;0KM;Plan;2018-04;5;4;5;4;R1130
MarcaF;ModeloG;SUV-B;Hatch;Nafta;Automática;5;101;1835;7.37;2016;51067;Usado;Contado;3;2;4;5;MarcaA;ModeloN;E;Hatch;Nafta;Manual;5;231;3317;8.65;148455;Usado;Plan;2019-12;5;3;4;6;R1151
MarcaC;ModeloN;B;Sedan;Diesel;Manual;4;59;1263;6.22;2008;30591;Usado;Contado;6;4;3;4;MarcaE;ModeloE;E;Hatch;ElĂ©ctrico;Automática;4;228;3187;10.37;163679;0KM;Préstamo;2024-10;4;5;6;6;R1103
MarcaG;ModeloL;Utilitario;Sedan;Nafta;Automática;4;107;2111;9.43;2006;100638;Usado;Contado;3;6;5;4;MarcaE;ModeloE;Utilitario;Sedan;Nafta;Automática;5;90;1710;7.77;40233;0KM;Préstamo;2023-07;5;3;5;5;R1099
MarcaA;ModeloD;SUV-B;SUV;Nafta;Manual;5;113;2169;9.91;2009;31677;Usado;Préstamo;3;3;4;4;MarcaE;ModeloN;SUV-B;Sedan;Nafta;Manual;5;114;1528;4.54;82804;0KM;Plan;2023-11;5;4;4;5;R1116
MarcaG;ModeloJ;B;SUV;Nafta;Automática;5;82;1224;11.61;2008;57243;Usado;Plan;4;3;2;5;MarcaE;ModeloA;C;Pick-up;Nafta;Automática;4;108;1672;9.27;87969;0KM;Préstamo;2018-03;7;4;4;5;R1087
MarcaE;ModeloP;B;SUV;Nafta;Manual;5;61;1006;7.74;2016;47255;Usado;Contado;5;1;5;5;MarcaE;ModeloF;SUV-B;SUV;Nafta;Automática;5;95;2259;5.25;125401;Usado;Plan;2022-05;6;4;6;5;R1074
MarcaE;ModeloK;B;Sedan;Nafta;Manual;4;95;1123;7.9;2005;112329;Usado;Préstamo;5;5;3;4;MarcaF;ModeloD;B;SUV;Nafta;CVT;5;81;1726;4.33;41193;0KM;Préstamo;2018-03;5;5;4;4;R1121
MarcaC;ModeloH;B;Hatch;Nafta;Automática;5;85;1961;12.47;2006;56583;Usado;Contado;4;3;4;4;MarcaA;ModeloG;B;Hatch;Nafta;Manual;4;102;1707;4.39;49374;Usado;Contado;2024-11;6;4;4;5;R1199
MarcaF;ModeloC;D;Hatch;Nafta;Manual;5;165;2452;13.02;2017;68661;Usado;Plan;4;3;3;4;MarcaE;ModeloF;Utilitario;Sedan;Nafta;Automática;5;109;1996;10.56;62862;0KM;Contado;2021-10;3;5;4;5;R1020
MarcaD;ModeloK;C;SUV;Nafta;Manual;5;116;1563;7.42;2006;29461;Usado;Contado;5;3;2;2;MarcaB;ModeloP;C;SUV;Nafta;Automática;4;83;1554;6.94;63996;0KM;Contado;2019-05;5;4;3;4;R1188
MarcaF;ModeloP;SUV-B;SUV;Nafta;Automática;4;91;1939;8.81;2011;62188;Usado;Contado;5;3;6;5;MarcaB;ModeloG;SUV-B;Pick-up;Nafta;Automática;5;111;2387;7.41;62144;Usado;Préstamo;2024-05;4;4;4;2;R1071
MarcaG;ModeloN;C;Sedan;Nafta;Automática;4;102;1756;10.27;2014;89040;Usado;Contado;4;5;5;4;MarcaG;ModeloH;SUV-C;SUV;Nafta;CVT;5;160;2380;10.2;165350;0KM;Préstamo;2023-03;3;5;3;3;R1106
MarcaG;ModeloL;C;Sedan;Nafta;Manual;5;114;1393;10.51;2015;53458;Usado;Contado;3;3;5;4;MarcaE;ModeloG;C;SUV;Nafta;Automática;5;115;1909;7.02;63178;0KM;Préstamo;2023-01;4;5;6;5;R1014
MarcaB;ModeloI;SUV-C;Sedan;Híbrido;Automática;4;128;2523;8.79;2017;53357;Usado;Contado;4;5;3;2;MarcaE;ModeloP;SUV-C;Pick-up;Híbrido;Automática;5;149;1743;10.65;143010;0KM;Contado;2019-04;6;3;5;6;R1092
MarcaF;ModeloL;D;Sedan;Nafta;Automática;4;235;2742;10.48;2011;90881;Usado;Contado;3;4;4;3;MarcaA;ModeloK;Utilitario;SUV;Nafta;Automática;4;98;1230;13.94;77554;Usado;Préstamo;2019-05;4;4;4;3;R1179
MarcaF;ModeloH;C;SUV;Diesel;Automática;5;103;1771;8.26;2007;82493;0KM;Contado;2;4;3;3;MarcaF;ModeloD;C;SUV;Nafta;Automática;5;99;1400;8.5;48458;0KM;Plan;2019-11;4;3;4;6;R1102
